{
  "Atelectasis": {
    "count": 100,
    "mean_iou": 0.0219917636894124,
    "accuracy_iou_01": 0.06,
    "accuracy_iou_025": 0.0
  },
  "Effusion": {
    "count": 81,
    "mean_iou": 0.03259248721161772,
    "accuracy_iou_01": 0.12345679012345678,
    "accuracy_iou_025": 0.012345679012345678
  },
  "Cardiomegaly": {
    "count": 78,
    "mean_iou": 0.47469939614255086,
    "accuracy_iou_01": 1.0,
    "accuracy_iou_025": 0.9871794871794872
  },
  "Infiltrate": {
    "count": 42,
    "mean_iou": 0.04146671998988595,
    "accuracy_iou_01": 0.14285714285714285,
    "accuracy_iou_025": 0.0
  },
  "Pneumonia": {
    "count": 50,
    "mean_iou": 0.044547745810916535,
    "accuracy_iou_01": 0.14,
    "accuracy_iou_025": 0.02
  },
  "Pneumothorax": {
    "count": 63,
    "mean_iou": 0.031270738604653986,
    "accuracy_iou_01": 0.1111111111111111,
    "accuracy_iou_025": 0.015873015873015872
  },
  "Mass": {
    "count": 52,
    "mean_iou": 0.08829805462163737,
    "accuracy_iou_01": 0.25,
    "accuracy_iou_025": 0.09615384615384616
  },
  "Nodule": {
    "count": 63,
    "mean_iou": 0.00962438565452533,
    "accuracy_iou_01": 0.0,
    "accuracy_iou_025": 0.0
  },
  "overall_pa": {
    "count": 529,
    "mean_iou": 0.1001939545008993,
    "accuracy_iou_01": 0.24007561436672967,
    "accuracy_iou_025": 0.16068052930056712
  }
}